id,name,email,age,address
1,John Doe,john@example.com,32,"123 Main St, Anytown, USA"
2,Jane Smith,jane@example.com,28,"456 Oak Ave, Somewhere, USA"
3,Bob Johnson,bob@example.com,45,"789 Pine Rd, Nowhere, USA"
4,Alice Williams,alice@example.com,35,"101 Maple Dr, Everywhere, USA"
5,Charlie Brown,charlie@example.com,29,"202 Elm St, Anywhere, USA"
6,Diana Miller,diana@example.com,41,"303 Cedar Ln, Someplace, USA"
7,Edward Davis,edward@example.com,38,"404 Birch Rd, Othertown, USA"
8,Fiona Wilson,fiona@example.com,26,"505 Walnut Ave, Newcity, USA"
9,George Taylor,george@example.com,52,"606 Cherry St, Oldtown, USA"
10,Hannah Moore,hannah@example.com,33,"707 Spruce Ct, Downtown, USA"
11,Ian Roberts,ian@example.com,44,"808 Willow Way, Uptown, USA"
12,Julia Adams,julia@example.com,31,"909 Aspen Pl, Midtown, USA"
13,Kevin Martin,kevin@example.com,37,"1010 Poplar Rd, Crosstown, USA"
14,Laura Garcia,laura@example.com,29,"1111 Cypress Dr, Hometown, USA"
15,Michael Lee,michael@example.com,42,"1212 Redwood Ln, Fartown, USA"